Workbook

Sheet README
A1: Requirements Traceability Matrix
A2: Feature: Schedule a Ride in Advance (rider app) | Version 1.0 | Prepared 6 Oct 2026 | Status: Draft for review
A4: Purpose | B4: Traces each business goal through requirements, user stories, acceptance criteria, wireframe screens and test scenarios (with the matching Gherkin tag), so coverage gaps are visible before build.
A5: Traceability chain | B5: Business Goal (BG) > Business Requirement (BR) > User Story (US) > Acceptance Criterion (AC) > Wireframe Screen (SCR/NTF/DRV) > Test Scenario (TS) > Gherkin tag (@TS-nn in schedule_ride.feature)
A6: Start here | B6: RTM = the full matrix, one row per test scenario. Coverage = live summary. Gaps and Questions = design gaps and open requirement questions found while tracing.
A8: Sheet | B8: Contents
A9: RTM | B9: Main matrix. Design status and test status are looked up from the other sheets.
A10: Coverage | B10: Coverage by user story, test execution counts and headline totals (all formulas).
A11: Business Goals | B11: 5 goals with KPI from the BRD (two goals have no KPI defined) and link counts.
A12: Requirements | B12: BR-1 to BR-7 from the BRD, each linked to goals.
A13: User Stories | B13: 5 user stories plus the cross-cutting logging requirement (US-X).
A14: Acceptance Criteria | B14: 23 ACs. Source 'BRD' = written in the BRD; 'Derived' = added during test design to cover boundaries and edge cases.
A15: Screens | B15: Wireframe inventory: 5 screens/states built in the clickable prototype, 6 still to be designed.
A16: Test Scenarios | B16: 29 scenarios. Test status is the only input column.
... A22: Assumptions | B22: Current time for boundary tests is fixed at 2026-10-06 09:00. Booking window 15 minutes to 30 days, cancellation cutoff 60 minutes and 30-minute driver assignment window come from the BRD examples ('e.g.') and are not final. TS-13 assumes a cancellation at exactly 60 minutes is free (open question Q-01).

Sheet RTM
A1: RTM ID | B1: Business goal(s) | C1: Req | D1: Story | E1: AC | F1: AC source | G1: Wireframe screen(s) | H1: Design status | I1: Test ID | J1: Test scenario | K1: Type | L1: Priority | M1: Test status | N1: Gherkin tag
A2: RTM-001 | B2: BG-01, BG-02 | C2: BR-1 | D2: US-01 | E2: AC-01.1 | F2: BRD | G2: SCR-01 | H2: =INDEX('Acceptance Criteria'!$G$2:$G$24,MATCH(E2,'Acceptance Criteria'!$A$2:$A$24,0)) -> Wireframed | I2: TS-01 | J2: =INDEX('Test Scenarios'!$E$2:$E$30,MATCH(I2,'Test Scenarios'!$A$2:$A$30,0)) -> Select a valid future date and time | K2: =INDEX('Test Scenarios'!$F$2:$F$30,MATCH(I2,'Test Scenarios'!$A$2:$A$30,0)) -> Positive | L2: =INDEX('Test Scenarios'!$G$2:$G$30,MATCH(I2,'Test Scenarios'!$A$2:$A$30,0)) -> High | M2: =INDEX('Test Scenarios'!$K$2:$K$30,MATCH(I2,'Test Scenarios'!$A$2:$A$30,0)) -> Not run | N2: @TS-01
A3: RTM-002 | B3: BG-01, BG-02 | C3: BR-1 | D3: US-01 | E3: AC-01.2 | F3: BRD | G3: SCR-02, SCR-03 | H3: =INDEX('Acceptance Criteria'!$G$2:$G$24,MATCH(E3,'Acceptance Criteria'!$A$2:$A$24,0)) -> Wireframed | I3: TS-02 | J3: =INDEX('Test Scenarios'!$E$2:$E$30,MATCH(I3,'Test Scenarios'!$A$2:$A$30,0)) -> Confirm booking shows confirmation details | K3: =INDEX('Test Scenarios'!$F$2:$F$30,MATCH(I3,'Test Scenarios'!$A$2:$A$30,0)) -> Positive | L3: =INDEX('Test Scenarios'!$G$2:$G$30,MATCH(I3,'Test Scenarios'!$A$2:$A$30,0)) -> High | M3: =INDEX('Test Scenarios'!$K$2:$K$30,MATCH(I3,'Test Scenarios'!$A$2:$A$30,0)) -> Not run | N3: @TS-02
A4: RTM-003 | B4: BG-01, BG-02 | C4: BR-1 | D4: US-01 | E4: AC-01.1 | F4: BRD | G4: SCR-01 | H4: =INDEX('Acceptance Criteria'!$G$2:$G$24,MATCH(E4,'Acceptance Criteria'!$A$2:$A$24,0)) -> Wireframed | I4: TS-03 | J4: =INDEX('Test Scenarios'!$E$2:$E$30,MATCH(I4,'Test Scenarios'!$A$2:$A$30,0)) -> Earliest allowed time (15 minutes ahead) is accepted | K4: =INDEX('Test Scenarios'!$F$2:$F$30,MATCH(I4,'Test Scenarios'!$A$2:$A$30,0)) -> Boundary | L4: =INDEX('Test Scenarios'!$G$2:$G$30,MATCH(I4,'Test Scenarios'!$A$2:$A$30,0)) -> High | M4: =INDEX('Test Scenarios'!$K$2:$K$30,MATCH(I4,'Test Scenarios'!$A$2:$A$30,0)) -> Not run | N4: @TS-03
A5: RTM-004 | B5: BG-01, BG-02 | C5: BR-1 | D5: US-01 | E5: AC-01.1 | F5: BRD | G5: SCR-01 | H5: =INDEX('Acceptance Criteria'!$G$2:$G$24,MATCH(E5,'Acceptance Criteria'!$A$2:$A$24,0)) -> Wireframed | I5: TS-04 | J5: =INDEX('Test Scenarios'!$E$2:$E$30,MATCH(I5,'Test Scenarios'!$A$2:$A$30,0)) -> Latest allowed time (30 days ahead) is accepted | K5: =INDEX('Test Scenarios'!$F$2:$F$30,MATCH(I5,'Test Scenarios'!$A$2:$A$30,0)) -> Boundary | L5: =INDEX('Test Scenarios'!$G$2:$G$30,MATCH(I5,'Test Scenarios'!$A$2:$A$30,0)) -> Medium | M5: =INDEX('Test Scenarios'!$K$2:$K$30,MATCH(I5,'Test Scenarios'!$A$2:$A$30,0)) -> Not run | N5: @TS-04
A6: RTM-005 | B6: BG-01, BG-02 | C6: BR-1 | D6: US-01 | E6: AC-01.4 | F6: Derived | G6: SCR-08 | H6: =INDEX('Acceptance Criteria'!$G$2:$G$24,MATCH(E6,'Acceptance Criteria'!$A$2:$A$24,0)) -> Gap | I6: TS-05 | J6: =INDEX('Test Scenarios'!$E$2:$E$30,MATCH(I6,'Test Scenarios'!$A$2:$A$30,0)) -> Time less than 15 minutes ahead is rejected | K6: =INDEX('Test Scenarios'!$F$2:$F$30,MATCH(I6,'Test Scenarios'!$A$2:$A$30,0)) -> Negative | L6: =INDEX('Test Scenarios'!$G$2:$G$30,MATCH(I6,'Test Scenarios'!$A$2:$A$30,0)) -> High | M6: =INDEX('Test Scenarios'!$K$2:$K$30,MATCH(I6,'Test Scenarios'!$A$2:$A$30,0)) -> Not run | N6: @TS-05
A7: RTM-006 | B7: BG-01, BG-02 | C7: BR-1 | D7: US-01 | E7: AC-01.4 | F7: Derived | G7: SCR-08 | H7: =INDEX('Acceptance Criteria'!$G$2:$G$24,MATCH(E7,'Acceptance Criteria'!$A$2:$A$24,0)) -> Gap | I7: TS-06 | J7: =INDEX('Test Scenarios'!$E$2:$E$30,MATCH(I7,'Test Scenarios'!$A$2:$A$30,0)) -> Time more than 30 days ahead is rejected | K7: =INDEX('Test Scenarios'!$F$2:$F$30,MATCH(I7,'Test Scenarios'!$A$2:$A$30,0)) -> Negative | L7: =INDEX('Test Scenarios'!$G$2:$G$30,MATCH(I7,'Test Scenarios'!$A$2:$A$30,0)) -> Medium | M7: =INDEX('Test Scenarios'!$K$2:$K$30,MATCH(I7,'Test Scenarios'!$A$2:$A$30,0)) -> Not run | N7: @TS-06
A8: RTM-007 | B8: BG-02, BG-04 | C8: BR-2 | D8: US-01 | E8: AC-01.3 | F8: BRD | G8: SCR-05 | H8: =INDEX('Acceptance Criteria'!$G$2:$G$24,MATCH(E8,'Acceptance Criteria'!$A$2:$A$24,0)) -> Gap | I8: TS-07 | J8: =INDEX('Test Scenarios'!$E$2:$E$30,MATCH(I8,'Test Scenarios'!$A$2:$A$30,0)) -> No driver supply shows warning and alternative times | K8: =INDEX('Test Scenarios'!$F$2:$F$30,MATCH(I8,'Test Scenarios'!$A$2:$A$30,0)) -> Negative | L8: =INDEX('Test Scenarios'!$G$2:$G$30,MATCH(I8,'Test Scenarios'!$A$2:$A$30,0)) -> High | M8: =INDEX('Test Scenarios'!$K$2:$K$30,MATCH(I8,'Test Scenarios'!$A$2:$A$30,0)) -> Not run | N8: @TS-07
A9: RTM-008 | B9: BG-03, BG-04 | C9: BR-6 | D9: US-01 | E9: AC-01.5 | F9: Derived | G9: SCR-02 | H9: =INDEX('Acceptance Criteria'!$G$2:$G$24,MATCH(E9,'Acceptance Criteria'!$A$2:$A$24,0)) -> Wireframed | I9: TS-08 | J9: =INDEX('Test Scenarios'!$E$2:$E$30,MATCH(I9,'Test Scenarios'!$A$2:$A$30,0)) -> Review screen shows summary, fare and cancellation policy | K9: =INDEX('Test Scenarios'!$F$2:$F$30,MATCH(I9,'Test Scenarios'!$A$2:$A$30,0)) -> Positive | L9: =INDEX('Test Scenarios'!$G$2:$G$30,MATCH(I9,'Test Scenarios'!$A$2:$A$30,0)) -> Medium | M9: =INDEX('Test Scenarios'!$K$2:$K$30,MATCH(I9,'Test Scenarios'!$A$2:$A$30,0)) -> Not run | N9: @TS-08
A10: RTM-009 | B10: BG-04 | C10: BR-3 | D10: US-02 | E10: AC-02.1 | F10: BRD | G10: SCR-04 | H10: =INDEX('Acceptance Criteria'!$G$2:$G$24,MATCH(E10,'Acceptance Criteria'!$A$2:$A$24,0)) -> Wireframed | I10: TS-09 | J10: =INDEX('Test Scenarios'!$E$2:$E$30,MATCH(I10,'Test Scenarios'!$A$2:$A$30,0)) -> Upcoming scheduled rides are listed | K10: =INDEX('Test Scenarios'!$F$2:$F$30,MATCH(I10,'Test Scenarios'!$A$2:$A$30,0)) -> Positive | L10: =INDEX('Test Scenarios'!$G$2:$G$30,MATCH(I10,'Test Scenarios'!$A$2:$A$30,0)) -> High | M10: =INDEX('Test Scenarios'!$K$2:$K$30,MATCH(I10,'Test Scenarios'!$A$2:$A$30,0)) -> Not run | N10: @TS-09
A11: RTM-010 | B11: BG-04 | C11: BR-3 | D11: US-02 | E11: AC-02.2 | F11: BRD | G11: SCR-04 | H11: =INDEX('Acceptance Criteria'!$G$2:$G$24,MATCH(E11,'Acceptance Criteria'!$A$2:$A$24,0)) -> Wireframed | I11: TS-10 | J11: =INDEX('Test Scenarios'!$E$2:$E$30,MATCH(I11,'Test Scenarios'!$A$2:$A$30,0)) -> Ride details show Edit and Cancel options | K11: =INDEX('Test Scenarios'!$F$2:$F$30,MATCH(I11,'Test Scenarios'!$A$2:$A$30,0)) -> Positive | L11: =INDEX('Test Scenarios'!$G$2:$G$30,MATCH(I11,'Test Scenarios'!$A$2:$A$30,0)) -> High | M11: =INDEX('Test Scenarios'!$K$2:$K$30,MATCH(I11,'Test Scenarios'!$A$2:$A$30,0)) -> Not run | N11: @TS-10
A12: RTM-011 | B12: BG-04 | C12: BR-3 | D12: US-02 | E12: AC-02.3 | F12: BRD | G12: SCR-07 | H12: =INDEX('Acceptance Criteria'!$G$2:$G$24,MATCH(E12,'Acceptance Criteria'!$A$2:$A$24,0)) -> Gap | I12: TS-11 | J12: =INDEX('Test Scenarios'!$E$2:$E$30,MATCH(I12,'Test Scenarios'!$A$2:$A$30,0)) -> Empty state when no rides are scheduled | K12: =INDEX('Test Scenarios'!$F$2:$F$30,MATCH(I12,'Test Scenarios'!$A$2:$A$30,0)) -> Alternate | L12: =INDEX('Test Scenarios'!$G$2:$G$30,MATCH(I12,'Test Scenarios'!$A$2:$A$30,0)) -> Medium | M12: =INDEX('Test Scenarios'!$K$2:$K$30,MATCH(I12,'Test Scenarios'!$A$2:$A$30,0)) -> Not run | N12: @TS-11
A13: RTM-012 | B13: BG-04 | C13: BR-3 | D13: US-03 | E13: AC-03.1 | F13: BRD | G13: SCR-04, SCR-04b | H13: =INDEX('Acceptance Criteria'!$G$2:$G$24,MATCH(E13,'Acceptance Criteria'!$A$2:$A$24,0)) -> Wireframed | I13: TS-12 | J13: =INDEX('Test Scenarios'!$E$2:$E$30,MATCH(I13,'Test Scenarios'!$A$2:$A$30,0)) -> Cancel more than 60 minutes before pickup is free | K13: =INDEX('Test Scenarios'!$F$2:$F$30,MATCH(I13,'Test Scenarios'!$A$2:$A$30,0)) -> Positive | L13: =INDEX('Test Scenarios'!$G$2:$G$30,MATCH(I13,'Test Scenarios'!$A$2:$A$30,0)) -> High | M13: =INDEX('Test Scenarios'!$K$2:$K$30,MATCH(I13,'Test Scenarios'!$A$2:$A$30,0)) -> Not run | N13: @TS-12
... A30: RTM-029 | B30: BG-02, BG-05 | C30: BR-7 | D30: US-X | E30: AC-X.1 | F30: BRD | G30: N/A | H30: =INDEX('Acceptance Criteria'!$G$2:$G$24,MATCH(E30,'Acceptance Criteria'!$A$2:$A$24,0)) -> N/A (back-end) | I30: TS-29 | J30: =INDEX('Test Scenarios'!$E$2:$E$30,MATCH(I30,'Test Scenarios'!$A$2:$A$30,0)) -> Lifecycle events are logged | K30: =INDEX('Test Scenarios'!$F$2:$F$30,MATCH(I30,'Test Scenarios'!$A$2:$A$30,0)) -> Positive | L30: =INDEX('Test Scenarios'!$G$2:$G$30,MATCH(I30,'Test Scenarios'!$A$2:$A$30,0)) -> Medium | M30: =INDEX('Test Scenarios'!$K$2:$K$30,MATCH(I30,'Test Scenarios'!$A$2:$A$30,0)) -> Not run | N30: @TS-29

Sheet Coverage
A1: Coverage summary
A2: All figures are formulas and update when the other sheets change.
A4: Headline totals
A5: Measure | B5: Value
A6: Business goals | B6: =COUNTA('Business Goals'!A2:A6) -> 5
A7: Business requirements | B7: =COUNTA(Requirements!A2:A8) -> 7
A8: User stories (incl. cross-cutting) | B8: =COUNTA('User Stories'!A2:A7) -> 6
A9: Acceptance criteria | B9: =COUNTA('Acceptance Criteria'!A2:A24) -> 23
A10: Test scenarios | B10: =COUNTA('Test Scenarios'!A2:A30) -> 29
A11: Screens / states wireframed | B11: =COUNTIF(Screens!D2:D12,"Wireframed") -> 5
A12: Screens / states still to design | B12: =COUNTIF(Screens!D2:D12,"Not wireframed") -> 6
A13: ACs with no test (should be 0) | B13: =COUNTIF('Acceptance Criteria'!I2:I24,"NOT COVERED") -> 0
A15: Coverage by user story
A16: Story | B16: Title | C16: # ACs | D16: ACs with a test | E16: AC test coverage | F16: # Test scenarios | G16: ACs fully wireframed | H16: ACs with design gap / partial
A17: US-01 | B17: ='User Stories'!B2 -> Schedule a Future Ride | C17: =COUNTIF('Acceptance Criteria'!$B$2:$B$24,A17) -> 5 | D17: =COUNTIFS('Acceptance Criteria'!$B$2:$B$24,A17,'Acceptance Criteria'!$I$2:$I$24,"Covered") -> 5 | E17: =IF(C17=0,0,D17/C17) -> 1 | F17: =COUNTIF(RTM!$D$2:$D$30,A17) -> 8 | G17: =COUNTIFS('Acceptance Criteria'!$B$2:$B$24,A17,'Acceptance Criteria'!$G$2:$G$24,"Wireframed") -> 3 | H17: =COUNTIFS('Acceptance Criteria'!$B$2:$B$24,A17,'Acceptance Criteria'!$G$2:$G$24,"Gap")+COUNTIFS('Acceptance Criteria'!$B$2:$B$24,A17,'Acceptance Criteria'!$G$2:$G$24,"Partial") -> 2
A18: US-02 | B18: ='User Stories'!B3 -> View and Manage Scheduled Rides | C18: =COUNTIF('Acceptance Criteria'!$B$2:$B$24,A18) -> 3 | D18: =COUNTIFS('Acceptance Criteria'!$B$2:$B$24,A18,'Acceptance Criteria'!$I$2:$I$24,"Covered") -> 3 | E18: =IF(C18=0,0,D18/C18) -> 1 | F18: =COUNTIF(RTM!$D$2:$D$30,A18) -> 3 | G18: =COUNTIFS('Acceptance Criteria'!$B$2:$B$24,A18,'Acceptance Criteria'!$G$2:$G$24,"Wireframed") -> 2 | H18: =COUNTIFS('Acceptance Criteria'!$B$2:$B$24,A18,'Acceptance Criteria'!$G$2:$G$24,"Gap")+COUNTIFS('Acceptance Criteria'!$B$2:$B$24,A18,'Acceptance Criteria'!$G$2:$G$24,"Partial") -> 1
A19: US-03 | B19: ='User Stories'!B4 -> Modify or Cancel a Scheduled Ride | C19: =COUNTIF('Acceptance Criteria'!$B$2:$B$24,A19) -> 5 | D19: =COUNTIFS('Acceptance Criteria'!$B$2:$B$24,A19,'Acceptance Criteria'!$I$2:$I$24,"Covered") -> 5 | E19: =IF(C19=0,0,D19/C19) -> 1 | F19: =COUNTIF(RTM!$D$2:$D$30,A19) -> 7 | G19: =COUNTIFS('Acceptance Criteria'!$B$2:$B$24,A19,'Acceptance Criteria'!$G$2:$G$24,"Wireframed") -> 4 | H19: =COUNTIFS('Acceptance Criteria'!$B$2:$B$24,A19,'Acceptance Criteria'!$G$2:$G$24,"Gap")+COUNTIFS('Acceptance Criteria'!$B$2:$B$24,A19,'Acceptance Criteria'!$G$2:$G$24,"Partial") -> 1
A20: US-04 | B20: ='User Stories'!B5 -> Receive Pickup Reminders | C20: =COUNTIF('Acceptance Criteria'!$B$2:$B$24,A20) -> 5 | D20: =COUNTIFS('Acceptance Criteria'!$B$2:$B$24,A20,'Acceptance Criteria'!$I$2:$I$24,"Covered") -> 5 | E20: =IF(C20=0,0,D20/C20) -> 1 | F20: =COUNTIF(RTM!$D$2:$D$30,A20) -> 5 | G20: =COUNTIFS('Acceptance Criteria'!$B$2:$B$24,A20,'Acceptance Criteria'!$G$2:$G$24,"Wireframed") -> 0 | H20: =COUNTIFS('Acceptance Criteria'!$B$2:$B$24,A20,'Acceptance Criteria'!$G$2:$G$24,"Gap")+COUNTIFS('Acceptance Criteria'!$B$2:$B$24,A20,'Acceptance Criteria'!$G$2:$G$24,"Partial") -> 5
A21: US-05 | B21: ='User Stories'!B6 -> Driver Receives and Accepts Scheduled Trip | C21: =COUNTIF('Acceptance Criteria'!$B$2:$B$24,A21) -> 4 | D21: =COUNTIFS('Acceptance Criteria'!$B$2:$B$24,A21,'Acceptance Criteria'!$I$2:$I$24,"Covered") -> 4 | E21: =IF(C21=0,0,D21/C21) -> 1 | F21: =COUNTIF(RTM!$D$2:$D$30,A21) -> 5 | G21: =COUNTIFS('Acceptance Criteria'!$B$2:$B$24,A21,'Acceptance Criteria'!$G$2:$G$24,"Wireframed") -> 0 | H21: =COUNTIFS('Acceptance Criteria'!$B$2:$B$24,A21,'Acceptance Criteria'!$G$2:$G$24,"Gap")+COUNTIFS('Acceptance Criteria'!$B$2:$B$24,A21,'Acceptance Criteria'!$G$2:$G$24,"Partial") -> 4
A22: US-X | B22: ='User Stories'!B7 -> Cross-cutting: event logging | C22: =COUNTIF('Acceptance Criteria'!$B$2:$B$24,A22) -> 1 | D22: =COUNTIFS('Acceptance Criteria'!$B$2:$B$24,A22,'Acceptance Criteria'!$I$2:$I$24,"Covered") -> 1 | E22: =IF(C22=0,0,D22/C22) -> 1 | F22: =COUNTIF(RTM!$D$2:$D$30,A22) -> 1 | G22: =COUNTIFS('Acceptance Criteria'!$B$2:$B$24,A22,'Acceptance Criteria'!$G$2:$G$24,"Wireframed") -> 0 | H22: =COUNTIFS('Acceptance Criteria'!$B$2:$B$24,A22,'Acceptance Criteria'!$G$2:$G$24,"Gap")+COUNTIFS('Acceptance Criteria'!$B$2:$B$24,A22,'Acceptance Criteria'!$G$2:$G$24,"Partial") -> 0
A23: Total | C23: =SUM(C17:C22) -> 23 | D23: =SUM(D17:D22) -> 23 | E23: =IF(C23=0,0,D23/C23) -> 1 | F23: =SUM(F17:F22) -> 29 | G23: =SUM(G17:G22) -> 9 | H23: =SUM(H17:H22) -> 13
A25: Test execution status
A26: Status | B26: # Scenarios | C26: % of total
A27: Not run | B27: =COUNTIF('Test Scenarios'!$K$2:$K$30,A27) -> 29 | C27: =IF($B$31=0,0,B27/$B$31) -> 1
A28: Pass | B28: =COUNTIF('Test Scenarios'!$K$2:$K$30,A28) -> 0 | C28: =IF($B$31=0,0,B28/$B$31) -> 0
A29: Fail | B29: =COUNTIF('Test Scenarios'!$K$2:$K$30,A29) -> 0 | C29: =IF($B$31=0,0,B29/$B$31) -> 0
A30: Blocked | B30: =COUNTIF('Test Scenarios'!$K$2:$K$30,A30) -> 0 | C30: =IF($B$31=0,0,B30/$B$31) -> 0
A31: Total | B31: =SUM(B27:B30) -> 29 | C31: =SUM(C27:C30) -> 1

Sheet Business Goals
A1: Goal ID | B1: Business goal | C1: KPI (from BRD) | D1: KPI defined? | E1: # Requirements | F1: # Test scenarios
A2: BG-01 | B2: Capture demand from time-sensitive trips (flights, meetings, medical appointments) | C2: Increase in overall trip volume attributable to scheduled bookings within 2 quarters post-launch | D2: Yes | E2: =SUMPRODUCT(--ISNUMBER(SEARCH(", "&A2&",",", "&Requirements!$C$2:$C$8&","))) -> 1 | F2: =SUMPRODUCT(--ISNUMBER(SEARCH(", "&A2&",",", "&RTM!$B$2:$B$30&","))) -> 6
A3: BG-02 | B3: Deliver reliable, on-time scheduled pickups | C3: >=90% of scheduled rides completed with on-time pickup (within 5 minutes of requested time) | D3: Yes | E3: =SUMPRODUCT(--ISNUMBER(SEARCH(", "&A3&",",", "&Requirements!$C$2:$C$8&","))) -> 5 | F3: =SUMPRODUCT(--ISNUMBER(SEARCH(", "&A3&",",", "&RTM!$B$2:$B$30&","))) -> 18
A4: BG-03 | B4: Improve driver-partner utilization through predictable, advance demand | C4: No KPI defined in BRD - owner and metric needed | D4: No | E4: =SUMPRODUCT(--ISNUMBER(SEARCH(", "&A4&",",", "&Requirements!$C$2:$C$8&","))) -> 2 | F4: =SUMPRODUCT(--ISNUMBER(SEARCH(", "&A4&",",", "&RTM!$B$2:$B$30&","))) -> 7
A5: BG-04 | B5: Limit late rider cancellations | C5: <5% rider-initiated cancellation rate after the cancellation cutoff | D5: Yes | E5: =SUMPRODUCT(--ISNUMBER(SEARCH(", "&A5&",",", "&Requirements!$C$2:$C$8&","))) -> 4 | F5: =SUMPRODUCT(--ISNUMBER(SEARCH(", "&A5&",",", "&RTM!$B$2:$B$30&","))) -> 17
A6: BG-05 | B6: Reduce customer-support contacts about missed pickups | C6: No KPI defined in BRD - owner and metric needed | D6: No | E6: =SUMPRODUCT(--ISNUMBER(SEARCH(", "&A6&",",", "&Requirements!$C$2:$C$8&","))) -> 1 | F6: =SUMPRODUCT(--ISNUMBER(SEARCH(", "&A6&",",", "&RTM!$B$2:$B$30&","))) -> 1

Sheet Requirements
A1: Req ID | B1: Business requirement | C1: Business goal(s) | D1: # User stories | E1: # Acceptance criteria | F1: # Test scenarios
A2: BR-1 | B2: Allow a rider to select a future pickup date and time when requesting a ride. | C2: BG-01, BG-02 | D2: =SUMPRODUCT(--ISNUMBER(SEARCH(", "&A2&",",", "&'User Stories'!$D$2:$D$7&","))) -> 1 | E2: =COUNTIF('Acceptance Criteria'!$C$2:$C$24,A2) -> 3 | F2: =COUNTIF(RTM!$C$2:$C$30,A2) -> 6
A3: BR-2 | B3: Confirm a scheduled ride only when a driver match is reasonably likely; otherwise notify the rider and suggest alternatives. | C3: BG-02, BG-04 | D3: =SUMPRODUCT(--ISNUMBER(SEARCH(", "&A3&",",", "&'User Stories'!$D$2:$D$7&","))) -> 1 | E3: =COUNTIF('Acceptance Criteria'!$C$2:$C$24,A3) -> 1 | F3: =COUNTIF(RTM!$C$2:$C$30,A3) -> 1
A4: BR-3 | B4: Allow riders to modify or cancel a scheduled ride up to a defined cutoff (e.g. 60 minutes before pickup) without penalty. | C4: BG-04 | D4: =SUMPRODUCT(--ISNUMBER(SEARCH(", "&A4&",",", "&'User Stories'!$D$2:$D$7&","))) -> 2 | E4: =COUNTIF('Acceptance Criteria'!$C$2:$C$24,A4) -> 7 | F4: =COUNTIF(RTM!$C$2:$C$30,A4) -> 9
A5: BR-4 | B5: Notify the rider by push notification at set intervals before pickup (e.g. 24 hours, 1 hour, 10 minutes). | C5: BG-02, BG-04 | D5: =SUMPRODUCT(--ISNUMBER(SEARCH(", "&A5&",",", "&'User Stories'!$D$2:$D$7&","))) -> 1 | E5: =COUNTIF('Acceptance Criteria'!$C$2:$C$24,A5) -> 5 | F5: =COUNTIF(RTM!$C$2:$C$30,A5) -> 5
A6: BR-5 | B6: Assign the trip to a driver-partner within a defined pre-pickup window and let the driver accept or decline. | C6: BG-02, BG-03 | D6: =SUMPRODUCT(--ISNUMBER(SEARCH(", "&A6&",",", "&'User Stories'!$D$2:$D$7&","))) -> 1 | E6: =COUNTIF('Acceptance Criteria'!$C$2:$C$24,A6) -> 4 | F6: =COUNTIF(RTM!$C$2:$C$30,A6) -> 5
A7: BR-6 | B7: Apply a cancellation fee if the rider cancels after the defined cutoff. | C7: BG-03, BG-04 | D7: =SUMPRODUCT(--ISNUMBER(SEARCH(", "&A7&",",", "&'User Stories'!$D$2:$D$7&","))) -> 1 | E7: =COUNTIF('Acceptance Criteria'!$C$2:$C$24,A7) -> 2 | F7: =COUNTIF(RTM!$C$2:$C$30,A7) -> 2
A8: BR-7 | B8: Log all scheduled-ride events for reporting and support. | C8: BG-02, BG-05 | D8: =SUMPRODUCT(--ISNUMBER(SEARCH(", "&A8&",",", "&'User Stories'!$D$2:$D$7&","))) -> 1 | E8: =COUNTIF('Acceptance Criteria'!$C$2:$C$24,A8) -> 1 | F8: =COUNTIF(RTM!$C$2:$C$30,A8) -> 1

Sheet User Stories
A1: Story ID | B1: Title | C1: Persona | D1: Requirement(s) | E1: MoSCoW | F1: # Acceptance criteria | G1: # Test scenarios
A2: US-01 | B2: Schedule a Future Ride | C2: Rider | D2: BR-1, BR-2 | E2: Must | F2: =COUNTIF('Acceptance Criteria'!$B$2:$B$24,A2) -> 5 | G2: =COUNTIF(RTM!$D$2:$D$30,A2) -> 8
A3: US-02 | B3: View and Manage Scheduled Rides | C3: Rider | D3: BR-3 | E3: Must | F3: =COUNTIF('Acceptance Criteria'!$B$2:$B$24,A3) -> 3 | G3: =COUNTIF(RTM!$D$2:$D$30,A3) -> 3
A4: US-03 | B4: Modify or Cancel a Scheduled Ride | C4: Rider | D4: BR-3, BR-6 | E4: Must | F4: =COUNTIF('Acceptance Criteria'!$B$2:$B$24,A4) -> 5 | G4: =COUNTIF(RTM!$D$2:$D$30,A4) -> 7
A5: US-04 | B5: Receive Pickup Reminders | C5: Rider | D5: BR-4 | E5: Should | F5: =COUNTIF('Acceptance Criteria'!$B$2:$B$24,A5) -> 5 | G5: =COUNTIF(RTM!$D$2:$D$30,A5) -> 5
A6: US-05 | B6: Driver Receives and Accepts Scheduled Trip | C6: Driver-partner | D6: BR-5 | E6: Must | F6: =COUNTIF('Acceptance Criteria'!$B$2:$B$24,A6) -> 4 | G6: =COUNTIF(RTM!$D$2:$D$30,A6) -> 5
A7: US-X | B7: Cross-cutting: event logging | C7: Platform | D7: BR-7 | E7: Must | F7: =COUNTIF('Acceptance Criteria'!$B$2:$B$24,A7) -> 1 | G7: =COUNTIF(RTM!$D$2:$D$30,A7) -> 1

Sheet Acceptance Criteria
A1: AC ID | B1: Story | C1: Requirement | D1: Acceptance criterion | E1: Source | F1: Wireframe screen(s) | G1: Design status | H1: # Tests | I1: Test coverage
A2: AC-01.1 | B2: US-01 | C2: BR-1 | D2: Rider can pick a pickup date/time from 15 minutes to 30 days ahead after tapping 'Schedule for Later'. | E2: BRD | F2: SCR-01 | G2: =IF(((Screens!$D$2="Wireframed"))=1,"Wireframed",IF(((Screens!$D$2="Wireframed"))=0,"Gap","Partial")) -> Wireframed | H2: =COUNTIF(RTM!$E$2:$E$30,A2) -> 3 | I2: =IF(H2>0,"Covered","NOT COVERED") -> Covered
A3: AC-01.2 | B3: US-01 | C3: BR-1 | D3: Confirming a valid future time shows a booking confirmation with pickup location, time and estimated fare range. | E3: BRD | F3: SCR-02, SCR-03 | G3: =IF(((Screens!$D$3="Wireframed")+(Screens!$D$4="Wireframed"))=2,"Wireframed",IF(((Screens!$D$3="Wireframed")+(Screens!$D$4="Wireframed"))=0,"Gap","Partial")) -> Wireframed | H3: =COUNTIF(RTM!$E$2:$E$30,A3) -> 1 | I3: =IF(H3>0,"Covered","NOT COVERED") -> Covered
A4: AC-01.3 | B4: US-01 | C4: BR-2 | D4: If no driver supply is reasonably likely, rider sees a warning and alternative times instead of a confirmation. | E4: BRD | F4: SCR-05 | G4: =IF(((Screens!$D$7="Wireframed"))=1,"Wireframed",IF(((Screens!$D$7="Wireframed"))=0,"Gap","Partial")) -> Gap | H4: =COUNTIF(RTM!$E$2:$E$30,A4) -> 1 | I4: =IF(H4>0,"Covered","NOT COVERED") -> Covered
A5: AC-01.4 | B5: US-01 | C5: BR-1 | D5: Times earlier than 15 minutes or later than 30 days ahead are rejected with an error. | E5: Derived | F5: SCR-08 | G5: =IF(((Screens!$D$10="Wireframed"))=1,"Wireframed",IF(((Screens!$D$10="Wireframed"))=0,"Gap","Partial")) -> Gap | H5: =COUNTIF(RTM!$E$2:$E$30,A5) -> 2 | I5: =IF(H5>0,"Covered","NOT COVERED") -> Covered
A6: AC-01.5 | B6: US-01 | C6: BR-6 | D6: Review screen shows trip summary, fare estimate and cancellation policy before the rider confirms. | E6: Derived | F6: SCR-02 | G6: =IF(((Screens!$D$3="Wireframed"))=1,"Wireframed",IF(((Screens!$D$3="Wireframed"))=0,"Gap","Partial")) -> Wireframed | H6: =COUNTIF(RTM!$E$2:$E$30,A6) -> 1 | I6: =IF(H6>0,"Covered","NOT COVERED") -> Covered
A7: AC-02.1 | B7: US-02 | C7: BR-3 | D7: 'Your Trips' lists all upcoming scheduled rides with date, time and pickup/drop-off details. | E7: BRD | F7: SCR-04 | G7: =IF(((Screens!$D$5="Wireframed"))=1,"Wireframed",IF(((Screens!$D$5="Wireframed"))=0,"Gap","Partial")) -> Wireframed | H7: =COUNTIF(RTM!$E$2:$E$30,A7) -> 1 | I7: =IF(H7>0,"Covered","NOT COVERED") -> Covered
A8: AC-02.2 | B8: US-02 | C8: BR-3 | D8: Opening a scheduled ride shows its details with Edit and Cancel options. | E8: BRD | F8: SCR-04 | G8: =IF(((Screens!$D$5="Wireframed"))=1,"Wireframed",IF(((Screens!$D$5="Wireframed"))=0,"Gap","Partial")) -> Wireframed | H8: =COUNTIF(RTM!$E$2:$E$30,A8) -> 1 | I8: =IF(H8>0,"Covered","NOT COVERED") -> Covered
A9: AC-02.3 | B9: US-02 | C9: BR-3 | D9: With no scheduled rides, 'Your Trips' shows an empty state prompting the rider to schedule one. | E9: BRD | F9: SCR-07 | G9: =IF(((Screens!$D$9="Wireframed"))=1,"Wireframed",IF(((Screens!$D$9="Wireframed"))=0,"Gap","Partial")) -> Gap | H9: =COUNTIF(RTM!$E$2:$E$30,A9) -> 1 | I9: =IF(H9>0,"Covered","NOT COVERED") -> Covered
A10: AC-03.1 | B10: US-03 | C10: BR-3 | D10: Cancelling more than 60 minutes before pickup is free and the rider receives a confirmation. | E10: BRD | F10: SCR-04, SCR-04b | G10: =IF(((Screens!$D$5="Wireframed")+(Screens!$D$6="Wireframed"))=2,"Wireframed",IF(((Screens!$D$5="Wireframed")+(Screens!$D$6="Wireframed"))=0,"Gap","Partial")) -> Wireframed | H10: =COUNTIF(RTM!$E$2:$E$30,A10) -> 2 | I10: =IF(H10>0,"Covered","NOT COVERED") -> Covered
A11: AC-03.2 | B11: US-03 | C11: BR-6 | D11: Cancelling within 60 minutes of pickup shows the applicable fee before the rider confirms. | E11: BRD | F11: SCR-06 | G11: =IF(((Screens!$D$8="Wireframed"))=1,"Wireframed",IF(((Screens!$D$8="Wireframed"))=0,"Gap","Partial")) -> Gap | H11: =COUNTIF(RTM!$E$2:$E$30,A11) -> 1 | I11: =IF(H11>0,"Covered","NOT COVERED") -> Covered
A12: AC-03.3 | B12: US-03 | C12: BR-3 | D12: Editing pickup time or location re-validates driver availability and updates the confirmation. | E12: BRD | F12: SCR-01, SCR-02 | G12: =IF(((Screens!$D$2="Wireframed")+(Screens!$D$3="Wireframed"))=2,"Wireframed",IF(((Screens!$D$2="Wireframed")+(Screens!$D$3="Wireframed"))=0,"Gap","Partial")) -> Wireframed | H12: =COUNTIF(RTM!$E$2:$E$30,A12) -> 2 | I12: =IF(H12>0,"Covered","NOT COVERED") -> Covered
A13: AC-03.4 | B13: US-03 | C13: BR-3 | D13: Rider can back out of a cancellation and the ride stays scheduled. | E13: Derived | F13: SCR-04b | G13: =IF(((Screens!$D$6="Wireframed"))=1,"Wireframed",IF(((Screens!$D$6="Wireframed"))=0,"Gap","Partial")) -> Wireframed | H13: =COUNTIF(RTM!$E$2:$E$30,A13) -> 1 | I13: =IF(H13>0,"Covered","NOT COVERED") -> Covered
A14: AC-03.5 | B14: US-03 | C14: BR-3 | D14: Once a trip is dispatched it can no longer be edited. | E14: Derived | F14: SCR-04 | G14: =IF(((Screens!$D$5="Wireframed"))=1,"Wireframed",IF(((Screens!$D$5="Wireframed"))=0,"Gap","Partial")) -> Wireframed | H14: =COUNTIF(RTM!$E$2:$E$30,A14) -> 1 | I14: =IF(H14>0,"Covered","NOT COVERED") -> Covered
A15: AC-04.1 | B15: US-04 | C15: BR-4 | D15: A rider booked more than 24 hours ahead gets a push reminder at 24 hours before pickup. | E15: BRD | F15: NTF-01, SCR-03 | G15: =IF(((Screens!$D$11="Wireframed")+(Screens!$D$4="Wireframed"))=2,"Wireframed",IF(((Screens!$D$11="Wireframed")+(Screens!$D$4="Wireframed"))=0,"Gap","Partial")) -> Partial | H15: =COUNTIF(RTM!$E$2:$E$30,A15) -> 1 | I15: =IF(H15>0,"Covered","NOT COVERED") -> Covered
A16: AC-04.2 | B16: US-04 | C16: BR-4 | D16: Reminders at 1 hour and 10 minutes before pickup include driver assignment status when available. | E16: BRD | F16: NTF-01 | G16: =IF(((Screens!$D$11="Wireframed"))=1,"Wireframed",IF(((Screens!$D$11="Wireframed"))=0,"Gap","Partial")) -> Gap | H16: =COUNTIF(RTM!$E$2:$E$30,A16) -> 1 | I16: =IF(H16>0,"Covered","NOT COVERED") -> Covered
A17: AC-04.3 | B17: US-04 | C17: BR-4 | D17: If device notifications are off, reminders still appear in the in-app notification center. | E17: BRD | F17: NTF-01 | G17: =IF(((Screens!$D$11="Wireframed"))=1,"Wireframed",IF(((Screens!$D$11="Wireframed"))=0,"Gap","Partial")) -> Gap | H17: =COUNTIF(RTM!$E$2:$E$30,A17) -> 1 | I17: =IF(H17>0,"Covered","NOT COVERED") -> Covered
A18: AC-04.4 | B18: US-04 | C18: BR-4 | D18: A ride booked less than 24 hours ahead gets no 24-hour reminder. | E18: Derived | F18: NTF-01 | G18: =IF(((Screens!$D$11="Wireframed"))=1,"Wireframed",IF(((Screens!$D$11="Wireframed"))=0,"Gap","Partial")) -> Gap | H18: =COUNTIF(RTM!$E$2:$E$30,A18) -> 1 | I18: =IF(H18>0,"Covered","NOT COVERED") -> Covered
A19: AC-04.5 | B19: US-04 | C19: BR-4 | D19: Cancelling a ride stops all pending reminders for it. | E19: Derived | F19: NTF-01 | G19: =IF(((Screens!$D$11="Wireframed"))=1,"Wireframed",IF(((Screens!$D$11="Wireframed"))=0,"Gap","Partial")) -> Gap | H19: =COUNTIF(RTM!$E$2:$E$30,A19) -> 1 | I19: =IF(H19>0,"Covered","NOT COVERED") -> Covered
A20: AC-05.1 | B20: US-05 | C20: BR-5 | D20: When the pre-pickup assignment window opens (e.g. 30 min), the driver receives a request with pickup time, location and fare. | E20: BRD | F20: DRV-01 | G20: =IF(((Screens!$D$12="Wireframed"))=1,"Wireframed",IF(((Screens!$D$12="Wireframed"))=0,"Gap","Partial")) -> Gap | H20: =COUNTIF(RTM!$E$2:$E$30,A20) -> 1 | I20: =IF(H20>0,"Covered","NOT COVERED") -> Covered
A21: AC-05.2 | B21: US-05 | C21: BR-5 | D21: Accepting locks the trip to that driver and removes it from other drivers' queues. | E21: BRD | F21: DRV-01 | G21: =IF(((Screens!$D$12="Wireframed"))=1,"Wireframed",IF(((Screens!$D$12="Wireframed"))=0,"Gap","Partial")) -> Gap | H21: =COUNTIF(RTM!$E$2:$E$30,A21) -> 1 | I21: =IF(H21>0,"Covered","NOT COVERED") -> Covered
A22: AC-05.3 | B22: US-05 | C22: BR-5 | D22: If the driver declines or times out, the trip is offered to a new driver without changing the rider's pickup time where possible. | E22: BRD | F22: DRV-01 | G22: =IF(((Screens!$D$12="Wireframed"))=1,"Wireframed",IF(((Screens!$D$12="Wireframed"))=0,"Gap","Partial")) -> Gap | H22: =COUNTIF(RTM!$E$2:$E$30,A22) -> 2 | I22: =IF(H22>0,"Covered","NOT COVERED") -> Covered
A23: AC-05.4 | B23: US-05 | C23: BR-5 | D23: If no driver accepts before the assignment window closes, the rider is notified. | E23: Derived | F23: DRV-01, NTF-01 | G23: =IF(((Screens!$D$12="Wireframed")+(Screens!$D$11="Wireframed"))=2,"Wireframed",IF(((Screens!$D$12="Wireframed")+(Screens!$D$11="Wireframed"))=0,"Gap","Partial")) -> Gap | H23: =COUNTIF(RTM!$E$2:$E$30,A23) -> 1 | I23: =IF(H23>0,"Covered","NOT COVERED") -> Covered
A24: AC-X.1 | B24: US-X | C24: BR-7 | D24: Booking, edit, cancel, driver-assignment and reminder events are logged with ride ID, rider ID and timestamp. | E24: BRD | G24: ="N/A (back-end)" -> N/A (back-end) | H24: =COUNTIF(RTM!$E$2:$E$30,A24) -> 1 | I24: =IF(H24>0,"Covered","NOT COVERED") -> Covered

Sheet Screens
A1: Screen ID | B1: Screen / state | C1: Prototype file | D1: Design status | E1: Notes | F1: # Test scenarios
A2: SCR-01 | B2: Schedule a ride | C2: Main.dc.html | D2: Wireframed | E2: Pickup/drop-off, date chips, time chips, fare estimate. 'Pick a date' does not open a calendar in the prototype. | F2: =SUMPRODUCT(--ISNUMBER(SEARCH(", "&A2&",",", "&RTM!$G$2:$G$30&","))) -> 5
A3: SCR-02 | B3: Review & confirm | C3: Confirm.dc.html | D3: Wireframed | E3: Trip summary, date/time, fare estimate, cancellation policy, Confirm booking. | F3: =SUMPRODUCT(--ISNUMBER(SEARCH(", "&A3&",",", "&RTM!$G$2:$G$30&","))) -> 4
A4: SCR-03 | B4: Booking confirmed | C4: Confirmed.dc.html | D4: Wireframed | E4: Success state, trip summary, reminder schedule (24h / 1h / 10 min). | F4: =SUMPRODUCT(--ISNUMBER(SEARCH(", "&A4&",",", "&RTM!$G$2:$G$30&","))) -> 2
A5: SCR-04 | B5: Your trips - list and trip details | C5: MyTrips.dc.html | D5: Wireframed | E5: Scheduled rides list, trip details, Edit and Cancel ride actions. | F5: =SUMPRODUCT(--ISNUMBER(SEARCH(", "&A5&",",", "&RTM!$G$2:$G$30&","))) -> 5
A6: SCR-04b | B6: Your trips - cancel confirmation (free) | C6: MyTrips.dc.html (state) | D6: Wireframed | E6: Shown after tapping Cancel ride on a ride more than 60 minutes away. | F6: =SUMPRODUCT(--ISNUMBER(SEARCH(", "&A6&",",", "&RTM!$G$2:$G$30&","))) -> 3
A7: SCR-05 | B7: Schedule a ride - no-supply warning with alternative times | C7: - | D7: Not wireframed | E7: Needed for AC-01.3. | F7: =SUMPRODUCT(--ISNUMBER(SEARCH(", "&A7&",",", "&RTM!$G$2:$G$30&","))) -> 1
A8: SCR-06 | B8: Your trips - cancel confirmation with fee | C8: - | D8: Not wireframed | E8: Needed for AC-03.2 (prototype only shows the free-cancellation case). | F8: =SUMPRODUCT(--ISNUMBER(SEARCH(", "&A8&",",", "&RTM!$G$2:$G$30&","))) -> 1
A9: SCR-07 | B9: Your trips - empty state | C9: - | D9: Not wireframed | E9: Needed for AC-02.3. | F9: =SUMPRODUCT(--ISNUMBER(SEARCH(", "&A9&",",", "&RTM!$G$2:$G$30&","))) -> 1
A10: SCR-08 | B10: Schedule a ride - invalid time error state | C10: - | D10: Not wireframed | E10: Needed for AC-01.4. Error copy to be agreed. | F10: =SUMPRODUCT(--ISNUMBER(SEARCH(", "&A10&",",", "&RTM!$G$2:$G$30&","))) -> 2
A11: NTF-01 | B11: Push reminders and in-app notification center | C11: - | D11: Not wireframed | E11: Needed for US-04. | F11: =SUMPRODUCT(--ISNUMBER(SEARCH(", "&A11&",",", "&RTM!$G$2:$G$30&","))) -> 6
A12: DRV-01 | B12: Driver app - scheduled trip request | C12: - | D12: Not wireframed | E12: Needed for US-05. Driver app is outside the 4-screen rider prototype. | F12: =SUMPRODUCT(--ISNUMBER(SEARCH(", "&A12&",",", "&RTM!$G$2:$G$30&","))) -> 5

Sheet Test Scenarios
A1: Test ID | B1: AC | C1: Story | D1: Req | E1: Test scenario | F1: Type | G1: Priority | H1: Expected result | I1: Screen(s) | J1: Gherkin tag | K1: Test status | L1: Executed by | M1: Date
A2: TS-01 | B2: AC-01.1 | C2: US-01 | D2: BR-1 | E2: Select a valid future date and time | F2: Positive | G2: High | H2: Date/time picker accepts a mid-range future slot and the summary shows it. | I2: SCR-01 | J2: @TS-01 | K2: Not run
A3: TS-02 | B3: AC-01.2 | C3: US-01 | D3: BR-1 | E3: Confirm booking shows confirmation details | F3: Positive | G3: High | H3: Confirmation lists pickup location, time and fare range; no charge until pickup. | I3: SCR-02, SCR-03 | J3: @TS-02 | K3: Not run
A4: TS-03 | B4: AC-01.1 | C4: US-01 | D4: BR-1 | E4: Earliest allowed time (15 minutes ahead) is accepted | F4: Boundary | G4: High | H4: 09:15 is accepted when the current time is 09:00. | I4: SCR-01 | J4: @TS-03 | K4: Not run
A5: TS-04 | B5: AC-01.1 | C5: US-01 | D5: BR-1 | E5: Latest allowed time (30 days ahead) is accepted | F5: Boundary | G5: Medium | H5: 09:00 on 5 Nov is accepted (30 days after 6 Oct 09:00). | I5: SCR-01 | J5: @TS-04 | K5: Not run
A6: TS-05 | B6: AC-01.4 | C6: US-01 | D6: BR-1 | E6: Time less than 15 minutes ahead is rejected | F6: Negative | G6: High | H6: Error shown and Review booking disabled. | I6: SCR-08 | J6: @TS-05 | K6: Not run
A7: TS-06 | B7: AC-01.4 | C7: US-01 | D7: BR-1 | E7: Time more than 30 days ahead is rejected | F7: Negative | G7: Medium | H7: 09:15 on 5 Nov (just past 30 days) is rejected. | I7: SCR-08 | J7: @TS-06 | K7: Not run
A8: TS-07 | B8: AC-01.3 | C8: US-01 | D8: BR-2 | E8: No driver supply shows warning and alternative times | F8: Negative | G8: High | H8: Warning plus alternatives; no booking is created. | I8: SCR-05 | J8: @TS-07 | K8: Not run
A9: TS-08 | B9: AC-01.5 | C9: US-01 | D9: BR-6 | E9: Review screen shows summary, fare and cancellation policy | F9: Positive | G9: Medium | H9: All trip facts and the policy text are visible before confirming. | I9: SCR-02 | J9: @TS-08 | K9: Not run
A10: TS-09 | B10: AC-02.1 | C10: US-02 | D10: BR-3 | E10: Upcoming scheduled rides are listed | F10: Positive | G10: High | H10: Both rides appear with date, time and pickup/drop-off details. | I10: SCR-04 | J10: @TS-09 | K10: Not run
A11: TS-10 | B11: AC-02.2 | C11: US-02 | D11: BR-3 | E11: Ride details show Edit and Cancel options | F11: Positive | G11: High | H11: Details open with both actions available. | I11: SCR-04 | J11: @TS-10 | K11: Not run
A12: TS-11 | B12: AC-02.3 | C12: US-02 | D12: BR-3 | E12: Empty state when no rides are scheduled | F12: Alternate | G12: Medium | H12: Empty state invites the rider to schedule a ride. | I12: SCR-07 | J12: @TS-11 | K12: Not run
A13: TS-12 | B13: AC-03.1 | C13: US-03 | D13: BR-3 | E13: Cancel more than 60 minutes before pickup is free | F13: Positive | G13: High | H13: Ride cancelled, no fee, confirmation shown. | I13: SCR-04, SCR-04b | J13: @TS-12 | K13: Not run
... A30: TS-29 | B30: AC-X.1 | C30: US-X | D30: BR-7 | E30: Lifecycle events are logged | F30: Positive | G30: Medium | H30: Each event recorded with ride ID, rider ID and timestamp. | I30: N/A | J30: @TS-29 | K30: Not run

Sheet Gaps and Questions
A1: ID | B1: Type | C1: Finding | D1: Impact | E1: Recommendation
A2: G-01 | B2: Design gap | C2: No wireframe for the no-supply warning with alternative times (AC-01.3, TS-07, TS-17). | D2: BR-2 cannot be visually reviewed. | E2: Add SCR-05 state to the prototype.
A3: G-02 | B3: Design gap | C3: No wireframe for invalid-time error (AC-01.4, TS-05, TS-06). | D3: Error copy and behaviour untested with stakeholders. | E3: Add SCR-08 and agree error wording.
A4: G-03 | B4: Design gap | C4: No empty state for 'Your trips' (AC-02.3, TS-11). | D4: Edge case undesigned. | E4: Add SCR-07.
A5: G-04 | B5: Design gap | C5: Cancel-with-fee state not wireframed; prototype shows only the free-cancel case (AC-03.2, TS-14). | D5: BR-6 fee disclosure unverified. | E5: Add SCR-06 showing fee amount.
A6: G-05 | B6: Design gap | C6: No wireframes for push reminders or the in-app notification center (US-04). | D6: BR-4 channel behaviour unverified. | E6: Add NTF-01 mock-ups.
A7: G-06 | B7: Design gap | C7: Driver-side request screen not wireframed (US-05). | D7: BR-5 has no visual reference. | E7: Add DRV-01 in a separate driver prototype.
A8: G-07 | B8: Design simplification | C8: Prototype 'Edit' returns to a blank SCR-01 and 'Pick a date' opens no calendar. | D8: AC-03.3 flow only approximated. | E8: Add a pre-filled edit mode and date picker.
A9: Q-01 | B9: Open question | C9: Cancellation boundary at exactly 60 minutes: BR-3 says 'up to the cutoff' (free) while AC-03.1 says 'more than 60' and AC-03.2 says 'within 60'. | D9: TS-13 outcome depends on the answer. | E9: Product owner to confirm; TS-13 assumes free.
A10: Q-02 | B10: Open question | C10: BG-03 and BG-05 have no KPI in the BRD. | D10: Goals cannot be measured. | E10: Stakeholders to propose metrics and owners.
A11: Q-03 | B11: Open question | C11: Cancellation fee amount/formula and driver compensation are not specified (BR-6). | D11: TS-14 cannot assert an amount. | E11: Define fee schedule.
A12: Q-04 | B12: Open question | C12: Can a rider cancel after dispatch, and at what fee? Scope only says edit/cancel 'before it is dispatched'. | D12: AC-03.5 only covers edit. | E12: Clarify post-dispatch cancel rules.
... A15: Q-07 | B15: Open question | C15: BRD applies surge pricing at pickup, but the booking shows a fare range. | D15: Rider messaging may mislead. | E15: Confirm wording of the fare estimate.
